<?xml version="1.0" encoding="UTF-8"?>
<project-private xmlns="http://www.netbeans.org/ns/project-private/1">
    <editor-bookmarks xmlns="http://www.netbeans.org/ns/editor-bookmarks/2" lastBookmarkId="0"/>
    <open-files xmlns="http://www.netbeans.org/ns/projectui-open-files/2">
        <group>
            <file>file:/C:/Users/LENOVO/Documents/Myprojetcs/java/New%20Folder/InventoryManagement/src/Inventory/Customer.java</file>
            <file>file:/C:/Users/LENOVO/Documents/Myprojetcs/java/New%20Folder/InventoryManagement/src/Inventory/Order.java</file>
            <file>file:/C:/Users/LENOVO/Documents/Myprojetcs/java/New%20Folder/InventoryManagement/src/Inventory/Product.java</file>
            <file>file:/C:/Users/LENOVO/Documents/Myprojetcs/java/New%20Folder/InventoryManagement/src/Inventory/Main.java</file>
            <file>file:/C:/Users/LENOVO/Documents/Myprojetcs/java/New%20Folder/InventoryManagement/src/Inventory/OrderTable.java</file>
            <file>file:/C:/Users/LENOVO/Documents/Myprojetcs/java/New%20Folder/InventoryManagement/src/Inventory/User.java</file>
            <file>file:/C:/Users/LENOVO/Documents/Myprojetcs/java/New%20Folder/InventoryManagement/src/Inventory/Category.java</file>
            <file>file:/C:/Users/LENOVO/Documents/Myprojetcs/java/New%20Folder/InventoryManagement/src/Inventory/Login.java</file>
            <file>file:/C:/Users/LENOVO/Documents/Myprojetcs/java/New%20Folder/InventoryManagement/src/Inventory/HomeForm.java</file>
        </group>
    </open-files>
</project-private>
